url_id,label,isFurniture
0,This page can't be found!,0
0,Explore other iconic designs,0
1,Popup heading,0
1,"Not found, error 404",0
1,Where We Are,0
1,‚ÄúLike‚Äù us on Facebook,0
1,Contact Us,0
2,Item added to your cart,0
2,Collections,0
2,SOFAS,0
2,SOFAS,0
2,DINING TABLES,0
2,DINING TABLES,0
2,OUTDOOR,0
2,OUTDOOR,0
2,BEDROOM,0
2,BEDROOM,0
2,DINING CHAIRS,0
2,DINING CHAIRS,0
2,ACCENT CHAIRS,0
2,ACCENT CHAIRS,0
2,BAR STOOLS,0
2,BAR STOOLS,0
2,SIDEBOARDS & BUFFETS,0
2,SIDEBOARDS & BUFFETS,0
2,COFFEE TABLES,0
2,COFFEE TABLES,0
2,ACCESSORIES,0
2,ACCESSORIES,0
2,ART,0
2,ART,0
2,STORE LOCATION,0
2,STORE HOURS,0
2,QUICK LINKS,0
2,CONTACT US,0
2,Subscribe to our emails,0
3,Currency,0
3,Hasami Porcelain,0
3,Furniture,0
3,Akari Light Sculptures,0
3,Natural blinds,0
3,Bath & body,0
3,Hasami Porcelain,0
3,Furniture,0
3,Akari Light Sculptures,0
3,Natural blinds,0
3,Bath & body,0
3,Currency,0
3,Currency,0
3,Cart0,0
3,Gift Card,1
3,Gift Card,1
3,Gift Card,1
3,Continue shopping,0
3,Secure transactions,0
3,Simple checkout,0
3,Get in touch,0
3,Newsletter,0
3,"Thoughtful, timeless and quality goods for the home.",0
3,CurrencyAva Square Wall Lamp‚Ç¨114.88,0
3,Diffuser No. 1From‚Ç¨165.29,0
3,Fine Bamboo BlindsFrom‚Ç¨132.23,0
3,Hasami Mug Medium Dark Grey‚Ç¨28.10,0
3,Ava Square Wall Lamp‚Ç¨114.88,0
3,Diffuser No. 1From‚Ç¨165.29,0
3,Fine Bamboo BlindsFrom‚Ç¨132.23,0
3,Hasami Mug Medium Dark Grey‚Ç¨28.10,0
4,"Lyon French Victorian Lamp Table Bedside Timber Bedside Table, White WCF168BS-101-PN-WH_1",1
5,SkyHomeDecor.com,0
5,Get this domain,0
6,Item added to your cart,0
6,HANDCRAFTED LUXURY,0
6,MADE IN INDIA,0
6,New Arrivals,0
6,Truman Side Table,1
6,Truman Side Table,1
6,Gibson Storage Cabinet,1
6,Gibson Storage Cabinet,1
6,Rutherford Cabinet,1
6,Rutherford Cabinet,1
6,Harrison Dining Table,1
6,Harrison Dining Table,1
6,Napoli Sideboard,1
6,Napoli Sideboard,1
6,Tughluq Bed Side,1
6,Tughluq Bed Side,1
6,Stonehill Drinks Cart,1
6,Stonehill Drinks Cart,1
6,Cobbler Arm Chair,1
6,Cobbler Arm Chair,1
6,SPECIAL PIECES OF FURNITURE DESIGNED AND BUILT FROM SCRATCH.,0
6,Shop Bestsellers,0
6,Alvis Poster Bed,1
6,Alvis Poster Bed,1
6,Meraki Coffee Table,1
6,Meraki Coffee Table,1
6,Book Coffee Table,1
6,Book Coffee Table,1
6,Carved Wooden Coffee Table,1
6,Carved Wooden Coffee Table,1
6,Ashford Mid-Century Chair,1
6,Ashford Mid-Century Chair,1
6,Rewa Nesting Table,1
6,Rewa Nesting Table,1
6,Apollo Carved Mango Wood Sideboard,1
6,Apollo Carved Mango Wood Sideboard,1
6,Rattan Webbed Side Table,1
6,Rattan Webbed Side Table,1
6,Sofa Collection,0
6,Eva Sofa,1
6,Eva Sofa,1
6,Coventry Corner Sofa,1
6,Coventry Corner Sofa,1
6,Bayford Sofa,1
6,Bayford Sofa,1
6,Kantha Sofa,1
6,Kantha Sofa,1
6,Bristol Sofa,1
6,Bristol Sofa,1
6,Coventry Armchair,1
6,Coventry Armchair,1
6,Kantha Three Seater Sofa,1
6,Kantha Three Seater Sofa,1
6,Caesar Sofa,1
6,Caesar Sofa,1
6,Made To Order,0
6,Marwari Antique Collection,0
6,Golden Antique Door,1
6,Golden Antique Door,1
6,Rajasthani Door,1
6,Rajasthani Door,1
6,Antique Brass Door,1
6,Antique Brass Door,1
6,Vintage Marwari Door,1
6,Vintage Marwari Door,1
6,Best Seller,0
6,Best Seller,0
6,Pinterest Projects,0
6,Pinterest Projects,0
6,Havana Sofa,1
6,Havana Sofa,1
6,Collections,0
6,Antique Collection,0
6,Antique Collection,0
6,Console Table,1
6,Console Table,1
6,Bench,1
6,Bench,1
6,Chair,1
6,Chair,1
6,Shoe Rack,1
6,Shoe Rack,1
6,Mirror,1
6,Mirror,1
6,Cabinets,0
6,Romulus Storage Cabinet,1
6,Romulus Storage Cabinet,1
6,Greta Cabinet,1
6,Greta Cabinet,1
6,Apollo Bar Cabinet,1
6,Apollo Bar Cabinet,1
6,Pandora Cabinet,1
6,Pandora Cabinet,1
6,Damage Covered,0
6,100% Genuine Products,0
6,Free Delivery,0
6,Collapsible content,0
6,How solid are we?,0
6,Let‚Äôs just say we are 100% solid WOOD! Nothing but only the finest material for you.,0
6,"Quality, Always",0
6,Quality is never an accident.,0
6,Slow & Steady Commerce,0
6,Transparency In Our Process,0
6,Connect With Us,0
6,Information,0
6,Navigation,0
6,For inboxes with impeccable taste.,0
7,OEM and Resourcing,0
7,Order the catalogue,0
7,Order the catalogue,0
7,Follow us,0
8,Item added to your cart,0
8,Page not found,0
8,"Get inspiration ideas, design tips, and alerts",0
8,Shop by Category,0
8,Customer Service,0
8,Connect,0
8,Locations,0
9,Highlight promotions,0
9,Highlight promotions,0
9,Highlight promotions,0
9,Highlight promotions,0
9,Optional Search Filters,0
9,Limit Search To,0
9,Product Vendor,0
9,Product Type,0
9,ALL ABOUT US,0
9,Home,0
9,Contact Us,0
9,Catalog,0
9,Space,0
9,Item,0
9,Vendor,0
9,Gift Card,1
9,SALE!,0
9,Area experts,0
9,Home,0
9,About Us,0
9,Care Guide,0
9,Love your Space,0
9,Love your Space,0
9,Bar & Balcony Group,0
9,Conversation Groups,0
9,Small Spaces,0
9,Dining Group,0
9,Poolside,0
9,Complete Sets,0
9,Space,0
9,Conversation Groups,0
9,Bar & Balcony,0
9,Dining,0
9,Front Porch,0
9,Poolside,0
9,Seating,0
9,Small Spaces,0
9,Item,0
9,Adirondack,0
9,Benches & Swings,0
9,Chaises,0
9,Deep Seating,0
9,Grills,0
9,Fire Tables,0
9,Porch Rockers,0
9,Protective Covers,0
9,Outdoor Rugs,0
9,Sectionals,0
9,Tables,0
9,Throw Pillows,0
9,Umbrellas,0
9,Vendor,0
9,Bernhardt,0
9,Ebel,0
9,Elaine Smith,0
9,Fire Magic Grills,0
9,Gensun,0
9,Jensen Outdoor,0
9,Lloyd Flanders,0
9,OW Lee,0
9,Polywood,0
9,Royal Teak,0
9,Seaside Casual,0
9,Shademaker,0
9,Summerset,0
9,TEC,0
9,Telescope,0
9,Treasure Garden,0
9,Tropitone,0
9,Winston,0
9,Refine Your Search,0
9,Limit Search To,0
9,Product Vendor,0
9,Product Type,0
9,Gift Card,1
9,AmericanBackyard,0
9,Description,0
9,Social Sharing,0
9,Description,0
9,You may also like,0
10,AFTER-SALES,0
10,Trending Now,0
10,Popular Products,0
10,Example product title,0
10,Example product title,0
10,Example product title,0
10,Example product title,0
10,Example product title,0
10,Trending Now,0
10,Popular Products,0
10,Example product title,0
10,Example product title,0
10,Example product title,0
10,Example product title,0
10,Example product title,0
10,404,0
10,Oops!Page Not Found,0
10,Shop by,0
10,Information,0
10,Customer Service,0
10,Shop the look,0
10,Choose Options,0
10,Choose Options,0
10,Trending Now,0
10,Popular Products,0
10,Example product title,0
10,Example product title,0
10,Example product title,0
10,Example product title,0
10,Example product title,0
10,Trending Now,0
10,Popular Products,0
10,Example product title,0
10,Example product title,0
10,Example product title,0
10,Example product title,0
10,Example product title,0
11,"Sorry, this store is currently unavailable.",0
11,Did you mean?,0
12,Shop,0
12,Resources,0
12,Confirm your age,0
12,Come back when you're older,0
12,Gift Card,1
12,Gift Card,1
12,How quickly will I get my order? (production or lead time),0
12,Shop,0
12,Resources,0
13,–û–®–ò–ë–ö–ê: –°–¢–†–ê–ù–ò–¶–ê –ù–ï –ù–ê–ô–î–ï–ù–ê,0
13,404,0
14,404 Not Found,0
14,Announcement,0
14,Categories,0
14,Featured Products,0
14,Sectional Add-Ons & Expansions,0
14,Categories,0
14,Featured Products,0
14,Bed Add-Ons & Expansions,0
14,Categories,0
14,Featured Products,0
14,Categories,0
14,Featured Products,0
14,Storage Add-Ons & Expansions,0
14,Categories,0
14,Featured Products,0
14,Categories,0
14,Featured Products,0
14,Products,0
14,Featured Products,0
14,"Sorry, we couldn't find that page.",0
14,Footer,0
14,Company,0
14,We Care,0
14,Social,0
14,My Account,0
14,Join Our Newsletter,0
14,Footer Legal,0
14,Privacy Preference Center,0
14,Manage Consent Preferences,0
14,Performance Cookies,0
14,Functional Cookies,0
14,Strictly Necessary Cookies,0
14,Targeting Cookies,0
14,Performance Cookies,0
15,What happened?,0
15,What can I do?,0
17,The Corcovado 3 Seater Kea Sofa,1
17,Ask a Question,0
17,Request a Price,0
17,Corcovado customers also like,0
17,"Corcovado customers also likeKea 2 Seater Sofa$3,900.00",0
17,Corcovado Footstool$895.00,1
17,"Drift Sofa 2 Seater (No Feathers)from$3,980.00",1
17,"Drift Sofa 3 Seater (no feathers)$5,295.00",1
17,"Sunset 4 Seater Sofa$6,449.00",1
17,"Kea Oak Arm Chairfrom$2,450.00",1
17,"Hinter Corner Chaise Sofa$8,495.00",1
17,"Sunset 4 Seater Sofa, with Ottoman$7,999.00",1
18,Error1000,0
18,DNS points to prohibited IP,0
18,What happened?,0
18,What can I do?,0
19,Your Cart,0
19,404 Page Not Found,0
19,Stay Connected,0
20,People also bought,0
20,Your cart is empty,0
20,Your cart,0
20,Subtotal,0
20,Shipping,0
20,Total,0
20,People also bought,0
20,Corona Solid Pine Coffee Table,1
20,Description,0
20,Buyers notes,0
20,What you need to know,0
20,Why we love,0
20,Dimensions & Details,0
20,Delivery & Returns,0
20,Dimensions & Details,0
20,Reviews,0
20,Buyers notes,0
20,What you need to know,0
20,Why we love,0
20,Quick Add,0
20,Charlie Double Bed Frame And Mattress Set - Black,1
20,You may also like,0
20,Recently viewed,0
20,Join the LJ Family,0
20,Head Office,0
20,Warehouse address,0
20,Registered Company,0
20,BY ROOM+,0
20,BY PRODUCT+,0
20,POLICIES+,0
20,ABOUT+,0
20,We use cookiesProduct Type,0
20,Product Type,0
20,Product Type,0
20,Product Type,0
20,Product Type,0
20,Product Type,0
20,Product Type,0
20,View full details,0
21,410,0
21,Page no longer available,0
22,Page not found,0
23,404,0
23,Page not found!,0
25,"We're sorry, we looked everywhere",0
25,Join Email Family,0
25,Never Miss A Sale,0
25,Follow Us,0
26,Currency,0
26,404 Page Not Found,0
26,Popular picks,0
26,Field to studio,0
26,QUICK LINKS,0
26,RESOURCES,0
26,$25 OFF AND not too many emailsExample product$29,0
26,Example product$29,0
26,Example product$29,0
26,Example product$29,0
27,Mid Century Record Storage Console,1
27,You may also like,0
27,Mid Century Desk with Cord Management,1
27,Mid Century Desk with Cord Management,1
27,Walnut Mid Century Desk with Cord Management Available now!,1
27,Walnut Mid Century Desk with Cord Management Available now!,1
27,Open Mid Century Modern Desk,1
27,Open Mid Century Modern Desk,1
27,Mid Century Desk with Cord Management with Wood Drawers,1
27,Mid Century Desk with Cord Management with Wood Drawers,1
27,ELSEWHERE,0
29,Your Wishlist,0
29,Page not found,0
29,Cart (0),0
29,Select options,0
29,International Customer,0
29,$100 off your order,0
30,Meta44.com,0
30,"Since 2005, we've helped thousands of people get the perfect domain name",0
30,Our promise to you,0
30,30-day money back guarantee,0
30,Quick delivery of the domain,0
30,Safe and secure shopping,0
30,FAQs,0
30,Other domains you might like,0
30,Quick stats,0
30,Shop,0
30,Safe and secure,0
30,Helpful Tips,0
30,About us,0
31,Just added to your cart,0
31,404 Page Not Found,0
32,–ü–æ–¥–∫–ª—é—á–µ–Ω–∏–µ –Ω–µ –∑–∞—â–∏—â–µ–Ω–æ,0
33,404 Page Not Found,0
34,You May Also Like,0
34,Black Mango Gift Card,1
34,Recommended For You,0
34,Company,0
34,Customer Care,0
34,Popular Links,0
34,GET IN TOUCH,0
34,Trade,0
35,Your cart is empty,0
35,Your cart,0
35,Estimated total,0
35,Country/region,0
35,Page not found,0
35,Quick links,0
35,Subscribe to our emails,0
36,What happened?,0
36,What can I do?,0
37,Brand New,0
37,Furniture,0
37,Lighting,0
37,Ice Buckets,0
37,Home D√©cor,0
37,Accessories,0
37,Lamps & Lights,0
37,Art & Wall D√©cor,0
37,Singapore Inspired Gifts,0
37,Cushions,0
37,Bar Accessories,0
37,Tableware,0
37,Valentines Day,0
37,404 Page Not Found,0
37,Get updates,0
37,Useful Links,0
37,Policies & Procedures,0
37,A Singapore Love Story,0
38,Page not found,0
38,100% Guaranteed Authenticity,0
38,Shipments all over the world,0
38,100% Secure Payments,0
38,Subscribe to our newsletter,0
38,CONTACT INFORMATION,0
38,LEGAL INFO,0
38,FOLLOW US,0
38,WE ARE LOOKING FOR...,0
38,MAKE AN OFFER!,0
38,Negotiate like a real merchant!,0
39,"Sorry, this store is currently unavailable.",0
39,Did you mean?,0
40,Enquiry Form,0
40,Furniture Categories,0
40,Clients testimonial,0
40,Monica Bedi,0
40,Stuart Hank,0
40,Lynn Freedman,0
40,Karen Ringstad,0
40,Nyre,0
40,Colonial Robe,1
40,Customized Product Option,0
40,Related Products,0
40,Navigation,0
40,category,0
40,Follow us,0
40,NavigationProducts,0
40,Products,0
41,Bayswater Armchair,1
41,YOU MAY ALSO LIKE,0
41,Ebury Armchair,1
41,Hanover Armchair,1
41,Elmstead Loveseat,1
41,Chapel Armchair | Eadie & Crole X Lorfords Contemporary,1
41,RECENTLY VIEWED,0
41,ABOUT,0
41,INFO,0
41,TO RECEIVE OUR NEWSLETTER...,0
42,Est. 1918Walter Cox Ltd0191 2656327,0
44,Solid Wood INDIANA Walker Coffee Table,1
44,Solid Wood INDIANA Walker Coffee Table,1
44,Wooden LOG Indiana Thar Bookcase,1
44,Wooden LOG Indiana Thar Bookcase,1
44,Solid Wood INDIANA Pod Stool,1
44,Solid Wood INDIANA Pod Stool,1
44,Solid Wood Kuber Smart Tv Unit,1
44,Solid Wood Kuber Smart Tv Unit,1
44,Wooden Rajasthani Charpai Bench Bed,1
44,Wooden Rajasthani Charpai Bench Bed,1
44,Solid Wood Rajasthani Charpai Bench Khat,1
44,Solid Wood Rajasthani Charpai Bench Khat,1
44,Solid Wood Rajasthani Charpai Mudha / Pidha Khat,1
44,Solid Wood Rajasthani Charpai Mudha / Pidha Khat,1
44,Solid Wood Poster Bed Imperia,1
44,Solid Wood Poster Bed Imperia,1
44,Free Installation,0
44,Valentine Sale ‚ô•Ô∏è,0
44,Solid Wood Coasters,1
44,Valentine Sale ‚ô•Ô∏è,0
44,Free Installation,0
44,"A user friendly website would do real good for you. 
Looks very sophisticated
Rouges
Amazing
Amazing
Amazing
Amazing
Amazing
Amazing
Great experience
Great experience
Very Good
Good prompt response and clear answers
Good prompt response and clear answers
Solid wood cube classic bed
Happy experience
got what I had ordered for
Elegant
Good experience
Good experience
Good experience
Good experience
Very Good Product.
A TV Unit to die for
furniture purchase
Loved it
about the site amp, product
feedback
Nice Product
Nice Product
Nice Product
Nice Product
Nice Product
Nice Product
Great product
Great product
Good Customer Service
Extremely Satisfied
Extremely Satisfied
Extremely Satisfied
Extremely Satisfied
Good quality Cot
Best brand to buy from
Nice bed
Loved the overall experience
Excellent furniture
Excellent furniture
Excellent furniture
Excellent furniture
Excellent furniture
Very Good experience
Very Good experience
Very Good experience
Very Good experience
Very Good experience
Very Good experience
Exclusive and Aristocracy
Good quality
loved the quality and design
Classic addition to our house
Classic addition to our house
Nice Buy
Nice Buy
Sturdy product and good quality!
No competition!
Bedside drawer
Very Elegant!
Very Elegant!
Very Elegant !
Very Elegant !
Very Elegant !
Excellent
excellent
excellent
excellent
Excellent wood products...
I promote your product of my family and friends
A very cute and perfect mini bar for home
I promote your product of my family and friends
I promote your product of my family and friends
Speaks volumes!!!
Great quality fit and finish
Amazing experience
Amazing experience
Excellent...
Excellent..
Modern and sturdy Dining Table
Nice
Best product
Great product but the company lacks customer focus
Awesome product
very good product
very good product
very good product
Good quality and value for money
Good Quality, beautiful design and
Bought the Jodhpur set
Wonderful and awesome
Wonderful and awesome
Coffee table is great
Good product
Very good
Just awesome
Real Solid Wood, Great Quality And Finish
Amazing as always
Amazing as always
Amazing as always
Good finishing
Good finishing.
Solid Wood Jaipur Coffee Table
Excellent
Excellent
Excellent quality
Nice product and efficient delivery system.
Price not matched with its quantity
Excellent
Satisfactory
Satisfactory
Excellent
5 Stars
the store manager was a great help. Thank you
Pathetic Logistics/Delivery experience
Products are excellent
Products are excellent
Products are excellent
Products are excellent
Products are excellent
Products are excellent
Pathetic Logistics/Delivery experience
Products are excellent
The packing was great
The packing was great
Excellent
5 Stars !
Excellent experiance
Worth buy (Review after one month)
Super wood quality
Satisfied
Satisfied
It is solid and good
It is solid and good
It is solid and good
1
excellent
excellent
excellent
Product feedback
Good product
Nice Clock
Awesome Solid Furniture
Like wow
Bowly bar
Everything i pickup from Saraf is awesome
Superb
EVERYTHING I PICKUP FROM SARAF IS AWESOME
EVERYTHING I PICKUP FROM SARAF IS AWESOME
Extremely Pleased
Just loved it!!
. Excellent product
All good, just one concern
Good Experience
it was great and the
This is the second product
Awesome
Genuine Saraf true Indian
Great stuff
Good product
First experience was great
Plz go for Insaraf
Customer service and delivery
Solid Wood Jali Dining Seat
Liber bed
Complaint not addressed to..
Amazing
Solid wood products from Saraf
Simply loved it ü§ì
Excellent product
Post delivery service
Stylish product
Solid wood Jali dining set
Solid Wood Furniture
SOLID WOOD FURNITURE
SOLID WOOD
Product is Very Nice and attractive!!!!
Excellent service
Sturdy beautiful furniture
Nice Product
Solid wood jaipur ciffee table
feedback on Kuber bed
Stunning
Beautiful solid furniture with impeccable delivery service
Great piece of furniture
Beautiful exactly like the photo
But, Need few alterations
Excellent
Value for money
Product delivered on time and as advertised
Delivered on time. Product just as advertised
Did not expected such bad service.
Over Experience
Dinning table
Best Buy
Transportation
Quality Product
This table is superb!!
Excellent Products with affordable price.
Excellent
Charlie Dewan
Nice product
good design
Value for Money
BLANKET BOX
good quality sheesham; quick delivery; should provide assemble services in non-metro
I have not opened all
Wonderful product
The delivery happened a week
Good
Sofa
Product not yet delivered
Very good packed, good item.
Nice product
Very Good product.. Awfully bad customer support people
Very Good product
Poster bed romeo
My Cots
Poor Quality Foam
Excellent customer care and overall service
Excellent
good experience
Happy customer...
An amazing furniture collection for a dream home
Packing was poor
Lovely Bookcase
Awesome product
Dining table review
Excellent
EXCELLENT
Awesome
Worst expect, no delivery yet, don't buy from here
Amazing Looks
Great Design
Lovely piece of furniture
Awesome Japanese dining table
The product is great quality
Most horrible experience , the
Very Poor.
Good One
Excellent
Excellent
Great piece of furniture. Exclusive.
Solid Wood Bowley Bar Big
I need to exchange my
Dinning Table
i didnot even recieve the
Poor after sales....despite follow ups and mails.
everything is fine.........
One of chairs is chipped
Most useless customer support
Timely and quality deliver
Very good product
Excellent coffee table
Online shopping
Good
Everything is fine except creaking sound
Deliver the product first then ask for review
No comments as Could not use the bed so far
Very happy with the product ,recommend to family n friends 
Worst Customer Service- DO NOT BUY
Excellent
TV Cabinet Purchase
Nice product
great service
Never. Have returned the product. Received a damaged one.
nice product, excellent service
A Good Buy
Delay in delivery of furniture
Solid Wood Kuber Bed
Excellent!
Amazing craftsmanship
Wooden box
It is amazingüòç
Excellent quality and on time delivery
Solid wood sofa set
Wall clock
Very Good Sofa set
fantastic product but delay in delivery
Great furniture
Poor assembly team
Changes not incorporated in the product.
A very nice coffee table.
Excellent wooden furniture
Very good product and delivery. Totally satisfied!
Solid Wood Kuber Bed King size
True Solid and wort the price
1NSF151122133. Dining set
Small yet very useful
Awesome product
Excellent Furniture!
Value for money
Purchased Solid Wood Maharaha Sofa set
Fits to Space
Dinning table
About saraf solid wood adept bed
Excellent product. The cabinet magnetic
Great table
Very good furniture. Very happy
The only place to buy furniture online
Purchase experience
Good
Delivery
EXCELLENT!
Good Quality
Bad customer service
Courier service personnel told they
Very bad service
Poor
Fantastic product!
Very Good
Beautiful, solid and classy 
superb quality and finish
Highly Recommended.
Writing Desk.
bedside table
Excellent
Horrible purchase
. Excellent product
Wow product
Maharani classic bed
Too early to ask
Solid wood
Maharaja king bed
Great product and great service.
Experience
This was my second purchase
Nice
Satisfying buy
Good product. value for money.
Bad
Elegant and Authentic
Coffee table
Bowley bar big
Finally !
Awesome packing
A solid product
Worst packing and customer service
Excellent
Beautiful
GODD
Happy customer!
Coffee table
Very Happy!
Changes the beauty of drawing hall to a whole new AWESOME level
annapurna nagar thathiya rod tirwa kha kannauj up
Great product, but poor after sale support!
Honest people honest product
SUPERB !?
GREAT !?
SUPERB !?
GREAT !?
GREAT !?
GREAT !?
EXCELLENT !?
EXCELLENT !?
GREAT !?
See online
BEST ?
GREAT !?
SUPERB !?
BEST ?
EXCELLENT !?
SUPERB !?
Bought all kind of furniture
Everything is really good
Good Quality Prompt delivery. Will definitely recommend.
Excellent installation
Love the book case
Furniture by Insaraf is authentic
Furnitures
Gud but some minor crack found in furniture
Few disputes which I had
Defective sofa delivered
Awesome Product and worth for money!!
Thanks
Solid Wood Cube Drawer Chest
4 weeks is long time
Kuber Sofa
just lovely
Excellent
Review for bar
Very Happy with the Product and Service!!
Poster Bed
Issues with the item
Have issues with the items
Not good experience
Rude customer service and missleading site
Worth buying
Manufacturing defect
Great Product!
Furnirure
Brilliant item
Solid wood cube sofa set 3 1 1
Item supplied is defective
Solid wood Jaipur Bookcase with glass door
Bed is Awesome
Excellent product
Overall excellence! Continue to keep your standards high!
Good product
this quality good
Book case
Book case from Saraf furniture
Book case
Book case from Saraf furniture
Book case
Book case from Saraf furniture
Book case
Solid wood kuber bookcase
Happy with my purchase
Excellent value for money Solid Wood Furniture!!!
Superb product.
Nice product
Defective product
Very nice piece, worth the
Worst product and worst service
Excellent service and follow up
Superb
Excellent furniture
Absolutely amazing
Good
Quality of service is excellent and so is the product
Good Product
Maharaja Sofa Set
love it
Capital Dining Table set
Much Impressed
Horrible
Poor quality
Very nice piece .. looks as good as the images
Furnishing
Very poor finishing of the dining table
Indiana Lass Round Coffee Table
Excellent quality and service
Solid Kuber Bed with storage
Very much satisfied
Awesome
Happy
Nice
Happy
Very Good
Quality
Very much satisfied!!
Excellent
Good
Excellent
Satisfied!!
Good
Good one
Great
Very much satisfied!!
Fantastic
Excellent
Very much satisfied!!
Thank you
Loved it.
Awesome
Outstanding!
Very much satisfied!!
Very much satisfied!!
Nice
Excellent
Excellent
Very much satisfied!!
Good one
Excellent
Excellent
Excellent
Awesome
Very much satisfied!!
Perfect Product
Good looking but very poor quality check
Very much satisfied!!
Very much satisfied!!
Awesome
Good
Excellent
Nice Furniture
worth the money
Broken
Excellent
Happy
Happy
Excellent
Excellent
Required touch up
Half table not delivered on time
Amazing quality
Elegance simplified
Poor
Happy
Great quality and service
Jaipur lamp table
Completely worth it
Lovely
Excellent Services
Great Experience
Happy with servies
Great Experience
Great Experience
Happy with service
Great Experience
good service
Happy with services
Excellent Services
Great Products
Great Experience
Awesome Products
Great Job
Excellent Services
Satisfied with Saraf Furniture
Good product quality
Happy with services
Great Experience
Excellent
Wonderful product...appreciable
Quality of the product I ordered is very good.
Bed
Item exactly as described
Excellent product and delivery services
EXCELLENT PRODUCT AND DELIVERY SERVICES
EXCELLENT PRODUCT AND DELIVERY SERVICES
Nice product, easy to assemble,
Better than Pepper fry quality. Value for Money!
Just perfect
Good Dinning Table
Good
About the experience
Dining table purchase
Amazing furniture designs and very good service !
Good, solid wood furniture
Excellent Product quality and Customer care
Dining table
Nyc product
Good
Coffee Table
Excellent
Poor service
Excellent product
Not happy this time.
Kuber Console Table
a solid purchase..
a solid purchase..
Excellent product
Stylish and classy writing table
WORST EXPERIENCE
Excellent
Excellent
Damaged furniture delivered no time sensitivity to service recovery
Great product bad service
I never received a working clock
Awesome TV unit
Kuber mirror and console
Console table
Worthy furniture but bad customer service
Worth it
Experience
Very nice furniture quality and workmanship
V good
V good
V gd
V good
V good
V good
V good
Furniture Quality
excellent
Awesome dresser I am Fully Satisfied !
Excellent
Worth for money
Nice cushions
Good quality
Good Product
Top open storage bed
Quality, skill
Great product
My order no.230072133
Amazing
excellent
Good service
Damaged product
Stylish and excellently crafted
Maharaja Grand Sofa set
Solid Wood Maharaja Bed
Excellent Product
 Excellent, value for money.
Very good quality of wood and finish.
Excellent quality
Awesome Experience
Amazing
Excellent quality
Awesome Experience
excellent
service and quality
Excellent quality
Awesome Experience
service and quality
Excellent
Great service
I enjoy shopping there
Great delivery Service!
Good service and good quality
Excellent
Great delivery Service!
Good experience
Excellent
The product is good but overpriced
Great collection
it's perfect
Perfect Blanket Box at best price
Impressed
Brilliant service n quality
Wooden furniture
Awesome experience
Bar counter-***-cabinet
FANTASTIC!
excellent
wonderful experience...
FANTASTIC!
comfortable piece
Good quality
awesome product
wonderful experience!
Good quality
price reasonable
unique design!
impressive
Bar bowler wooden
1
Still not Received
More than what is Expected and Unbelievable
My experience is very good
Item not received yet
5star
Good stuff!
Product quality is good and
Overall experience good
Good
Excellent
Since last 3 months waiting for the coffee table.
Poor Quality
My jali table
Very good finish and quality
Nice product
Awesome product!
good looking and good quality table, wish to buy me again
Love the finish and quality.
Nice
Good product
Just love it
Great Quality
The desk was awesome
Good workmanship
Solid Wood Japanese Style Low Chair
Excellent Quality
Coffee table
Crockery shelf
Furniture
good quality
Excellent Product
Excellent Product
I would highly recommend Furniture‚Ä¶
Another satisfied customer.‚Ä¶
Excellent customer service
Excellent customer service
I am so happy with my Tv Unit....
Impossible to find any issue ,Brilliant Company
Thank you so much for the most‚Ä¶
Satisfied customer...
I am very satisfied and happy with bed
Great service even during lockdown.
I'm really pleased with the bedside table
Excellent
Excellent polish finish
Good quality furniture
Wooden jali three drawer cupboard
The table is coffee beautiful
Excellent price for great piece of‚Ä¶
Easy to put an order in
Very pleased with the service
Disappointed
Royal Vintage look.
Arrived on time in good condition
Worst Experience
Very strong and Stable
Good people to deal with
Didn‚Äôt receive it yet
Wow!!
Original and authentic wood
Perfect
Jali dining table
Good
A Satisfying Buying Experience
Computer/study table
Unresponsive team
Terrific product
sturdy chair and writting table
Poor
Excellent product
Sudeep Dutta
Very good quality and finish
excellent quality product, finish material. 
Incredible workmanship!
Not yet received
I have not received the ordered item
Amazing product, awesome quality excellent service 
Beautiful furniture.I loved the piece when it arrived.
Delayed Delivery
Satisfied..!
Best place to buy furniture !
Great shopping experience!!
Gorgeous Living Room
Exceed expectations
Thank you.
Good product but I was promised a cashback
Awesome product
Trustable brand
Excellent quality
Beautiful furniture.
Value for money
Excellent services
BAD SERVICE
Value for money
Good furniture.
Great product, delivery always a challenge 
Different mattress with no cushion
Great Quality
Great Finishing and Design
Good sturdy chair
Perfect Choice
Excellent craftmanship!
nice quality and finish
Table and Chair
Value for money
Loved the BED, amazing finish
Want to know about on this bed
Quality with good finishing
Nice Study table for bedroom
Outstanding Product
Good product
Absolutely worth the money
Excellent Products
Excellent Products
i am obliged
What you see is what you get
COEFFE TABLE
Good Quality Covers
Good Quality Product
Poor finishing
4 seated table
Sofa set
Poor
Excellent
Nice Product
True to its name
Had to give 5 Star
Bad Finnish
Great Product
Excellent
Its beautiful .It looks so classy .sturdy and strong
More beautiful than pic..
V comfortable bed
Right place for people who are looking for original wood
Good
Fantastic bed
Excellent furniture
Unique and beautiful
Nice table
Bed
Wonderful piece of furniture!!! I am totally satisfied with the finish and craftsmanship. I forcefully recommend this brand.
Happy to Buy!
Found what I was looking for
Excellent product
Excellent
Solid Wood Curved Coffee Table
excellent
Best one could expect
Best teak wood furniture
Excellent product
Great
Solid wood Jodhpur Sofa.
Very Nice !
TV unit is excellent. But the delivery was delayed
Very Well Finished Product
Wonderful service and great product
Good quality coffee table
Love it!
Amazing furniture and excellent service
Just as I pictured üëç
Centre Table
Hopeless
Nice
Good
Good
Satisfied with the product
Best packing and material quality
Very nice quality and finishing
Amazing Experience
This my 2nd bed from saraf this year 2020
Amazing quality and service
Nice experience
High quality product
Wooden Mirror
Quality stuff
Damaged Furniture
Nice Product
Absolutely traumatizing
WONDERFUL CRAFT
It's spectacular
Very poor service and interaction with Saraf team
Awesome
Best quality
Excellent product
Best quality
Best quality
Very good product
Good product - design and quality
Excellent
Please avoid. Pathetic services
Pathetic services
Pathetic services
Pathetic services
Pathetic services
Pathetic services
Pathetic services. Avoid purchase
Pathetic services- avoid purchase
Pathetic services. Avoid purchase
Worst shopping experience of my life, rather, say a never ending night mare""",0
44,This is Where is Starts.,0
44,Getting in Size.,0
44,Treatment,0
44,Seasoning the Wood.,0
44,Now Making it.,0
44,Product Standards,0
44,The Right Finish.,0
44,The Final Touch.,0
44,Packaging.,0
44,You might also like,0
45,"Stella Bed 160x2005,500.00 ÿØ.ÿ• AED",1
45,"Ferrara Bed 180x2009,500.00 ÿØ.ÿ• AED",1
45,"Primavera Nightstand3,200.00 ÿØ.ÿ• AED",1
45,"Claudia Bed 180x2008,500.00 ÿØ.ÿ• AED",1
45,"Marina Bed 120x2005,850.00 ÿØ.ÿ• AED",1
45,Primavera Bed 200x200,1
45,You may also like,0
45,Recently viewed,0
45,Inside Choufani,0
45,Customer Service,0
45,Legal Policy,0
45,Sign Up,0
46,Solid Oak Four Poster Bed With Drapes,1
46,Oak four poster bed shown with drapes.,0
47,Alf & Bud Side Tables,1
47,Ready-to-Ship,0
47,More,0
48,"Sorry, you have been blocked",0
48,You are unable to accessdavidmoura.co.uk,0
48,Why have I been blocked?,0
48,What can I do to resolve this?,0
50,Item added to your cart,0
50,Page not found,0
50,Quick links,0
53,My Account,0
53,Shopping Cart,0
53,My Account,0
53,YOYO Gift Voucher,1
53,Related Products,0
53,Aotearoa Native Bird Ceramic Bauble,1
53,Aotearoa Native Bird Ceramic Trinket Dish,1
53,Apr√®s-ski  Playing Cards,1
53,Baby Geo Stone Platter,1
53,Backcountry Huts Coasters (Set of 6),1
53,Backcountry Huts Playing Cards,1
53,Backcountry Huts Tea Towel,1
53,Beech Planting Line,1
53,Beeswax Ball Candle,1
53,Beeswax Bullet Candle,1
53,Beeswax Cone Candle,1
53,Betty & Bob Outdoor Solar Lamps,1
53,YOYO Wellington,0
53,YOYO Clyde,0
53,info,0
53,follow us,0
54,idsfurniture.com,0
54,–í—ã–ø–æ–ª–Ω–µ–Ω–∏–µ –ø—Ä–æ–≤–µ—Ä–∫–∏ –±–µ–∑–æ–ø–∞—Å–Ω–æ—Å—Ç–∏,0
54,–ü—Ä–æ–≤–µ—Ä–∫–∞ –≤—ã–ø–æ–ª–Ω–µ–Ω–∞ —É—Å–ø–µ—à–Ω–æ. –û–∂–∏–¥–∞–Ω–∏–µ –æ—Ç–≤–µ—Ç–∞ idsfurniture.com,0
55,All collections,0
55,Featured,0
55,Tables,0
55,About us,0
55,Links,0
55,Newsletter,0
56,BEDESIGN IS TAKING A BREAK FOR NOW,0
56,WE ARE WRITING OUR NEXT CHAPTERS,0
56,BEdesign is closing and saying,0
56,thank you for now,0
56,designed and manufactured in Finland,0
56,BEDESIGN COLLECTION,0
56,Wave Table,0
56,Lume Coat Stand Large Charcoal Black,0
56,Lume Shoe Stand Large White,0
56,Deer Shelf Metal Large Charcoal Black,0
56,Pebble Sofa Bed 3,0
56,Lily Bowl Small White,0
56,HIDE COLLECTION,0
56,HIDE SOFA BED,0
56,BEdesign,0
56,As seen in,0
56,BEdesign,0
56,Customer Service,0
57,www.innerspace.net.au,0
57,–í—ã–ø–æ–ª–Ω–µ–Ω–∏–µ –ø—Ä–æ–≤–µ—Ä–∫–∏ –±–µ–∑–æ–ø–∞—Å–Ω–æ—Å—Ç–∏,0
57,–ü—Ä–æ–≤–µ—Ä–∫–∞ –≤—ã–ø–æ–ª–Ω–µ–Ω–∞ —É—Å–ø–µ—à–Ω–æ. –û–∂–∏–¥–∞–Ω–∏–µ –æ—Ç–≤–µ—Ç–∞ www.innerspace.net.au,0
58,This store does not exist.,0
58,Did you mean?,0
59,105 Anniversary Pendant By Mogens Koch¬£560,1
59,109 Chair¬£2268,1
59,14 Random Chandelier¬£1485,1
59,14.1 Single Pendant¬£495,1
59,14.9 Linear Pendant¬£6075,1
59,14p Portable Table Lamp¬£270,1
59,haus,0
59,haus,0
59,Gift Card,1
59,HAUS,0
59,In Stock,0
59,Quick Ship false weeks,0
59,Default two man delivery notice,0
59,Bespoke terms & Conditions Title,0
59,Made to Order false weeks,0
59,Contact Us,0
59,Order In Store / Contact Us,0
59,You might also be interested in,0
59,Free UK Delivery Over ¬£100,0
59,Haus,0
59,Pick a currency,0
60,"Site Under Construction, Bringing You Online Shopping",0
60,Open 7 Days a Week,0
60,Item added to your cart,0
60,Page not found,0
60,Come see us!,0
60,{title},0
63,Page not found,0
63,404,0
63,Privacy Overview,0
65,404,0
65,Newsletter,0
66,This store does not exist.,0
66,Did you mean?,0
68,Lighting,0
68,Lighting,0
68,404 Page Not Found,0
68,Give Huck & Peck,0
68,Let's Be Social,0
71,10 pc Venice Teak Deep Seating Set with Coffee Table. Sunbrella Cushions,1
71,Customer Reviews,0
71,Cart ‚Ä¢ 0,0
71,Your cart is empty,0
72,–ü–æ–¥–∫–ª—é—á–µ–Ω–∏–µ –Ω–µ –∑–∞—â–∏—â–µ–Ω–æ,0
73,View full product details,0
73,View full product details,0
73,View full product details,0
73,View full product details,0
73,View full product details,0
73,View full product details,0
73,View full product details,0
73,View full product details,0
73,View full product details,0
73,View full product details,0
73,View full product details,0
73,View full product details,0
73,View full product details,0
73,View full product details,0
73,View full product details,0
73,View full product details,0
73,View full product details,0
73,View full product details,0
73,View full product details,0
73,View full product details,0
73,View full product details,0
73,View full product details,0
73,View full product details,0
73,View full product details,0
73,View full product details,0
73,View full product details,0
73,View full product details,0
73,View full product details,0
73,View full product details,0
73,View full product details,0
73,View full product details,0
73,View full product details,0
73,View full product details,0
73,View full product details,0
73,View full product details,0
73,View full product details,0
73,View full product details,0
73,View full product details,0
73,View full product details,0
73,View full product details,0
73,View full product details,0
73,View full product details,0
73,View full product details,0
73,View full product details,0
73,View full product details,0
73,View full product details,0
73,View full product details,0
73,View full product details,0
73,View full product details,0
73,View full product details,0
73,View full product details,0
73,View full product details,0
73,View full product details,0
73,View full product details,0
73,View full product details,0
73,View full product details,0
73,View full product details,0
73,View full product details,0
73,View full product details,0
73,View full product details,0
73,View full product details,0
73,View full product details,0
73,Deal Of the day,0
73,ASMIN CHAIR,1
73,feel the urban lifestyle,0
73,Sofas,0
73,CHELSEA SOFA SETS,1
73,DESIRE SOFA SET 3+3+1,1
73,BODRUM SOFA SET 3+3+1,1
73,ANKA SOFA SET 3M+3+1,1
73,VERSACE SOFA SET 3+3+1,1
73,ULUDAGE SOFA SET 3M+3+1,1
73,GUCCI SOFA SET 3+3+1,1
73,CAVALLI SOFA SET 3+2+1,1
73,ARM CHAIRS,0
73,HUMMER ARM CHAIR,1
73,TURKISH MADE - DIVALA ARM CHAIR - RED,1
73,PANAMA ARM CHAIR,1
73,SEUL ARM CHAIR,1
73,MILANO ARMCHAIR,1
73,EWALA ARM CHAIR,1
73,TURKISH MADE - FENDI ARM CHAIR,1
73,TURKISH MADE - PRIZMA GOLD ARM CHAIR,1
73,SIDE TABLES,0
73,MOSS SIDE TABLE SET OF 3,1
73,GALAXY SIDE TABLE,1
73,MILANO SIDE TABLE,1
73,IRON SIDE TABLE,1
73,CLEAR SIDE TABLE,1
73,DRAGON SIDE TABLE,1
73,BIANCA SIDE TABLE,1
73,DANGER SIDE TABLE,1
73,MATTRESS,0
73,COMFORT MATTRESS,1
73,Harmony Mattress,1
73,Majestic Mattress,1
73,Glory Mattress,1
73,Royal Mattress,1
73,Energy Mattress,1
73,Gentle Mattress,1
73,RAINBOW MATTRESS,1
73,DECOR,0
73,Nordic Galloping,1
73,Pensive Decor,1
73,Helix Double Ring Sculpture,1
73,Nordic Metal,1
73,ACCESSORIES - Vase Resin,1
73,Home Decor,1
73,LED Table,1
73,Candle Holder Silver Silver,1
73,BEDROOM,0
73,BOEING BED,1
73,YILDIZ BED,1
73,GOLF BED,1
73,VICTORIA BED,1
73,"TURKISH MADE - GINDA BED, 180X200CM, SHORT HEADBOARD, WITH STORAGE",1
73,BUGATTI BED,1
73,VOGUE BED,1
73,BENTLEY BED,1
73,OFFICE,0
73,SPRING (SP56) EXECUTIVE OFFICE CHAIR,1
73,RELAX (RX 42) EXECUTIVE OFFICE CHAIR,1
73,TURKISH MADE - WHITE GENUIEN LEATHER VOVI RECEPTION CHAIR,1
73,LAND (LND20) EXECUTIVE OFFICE CHAIR,1
73,MURANO (MRN20) EXECUTIVE OFFICE CHAIR,1
73,SPRING (SP77) MEETING OFFICE CHAIR,1
73,TEKNO (TKN02) MEETING OFFICE CHAIR,1
73,TEKNO (TKN01) EXECUTIVE OFFICE CHAIR,1
73,new arrivals,0
73,TURKISH MADE - ALBERO DINING CHAIR,1
73,TURKISH MADE - ISTANBUL TV UNIT,1
73,ORKIDE 3 SEATER SOFA,1
73,LORA CEILING LAMP,1
73,MALI CEILING LAMP,1
73,CLEAR SIDE TABLE,1
73,Testimonials,1
75,Unique Accessories,0
75,Furniture and Accessories with a Global Appeal,0
75,Home Furnishings,0
75,Shop our Look Now,0
75,Open now in DCOTA,0
75,"Check out our collection in person at 
1855 Griffin Road Suite B218, Dania Beach, FL 33004",0
75,OLY Studio Sale,0
75,Designer Furniture and Lighting,0
75,New Arrivals,0
75,Check out what just arrived.  They won't last!,0
75,Mantra Home Furnishing Store,0
75,Are you a Designer?,0
75,Featured collection,0
75,Marble Round Jali Table,1
75,Jali Wooden Table - Mughal Design,1
75,MOP Overlay Mushroom Table in Random White,1
75,Lee Industries,0
75,Follow Us on Instagram,0
75,Follow us out there,0
77,Country/region,0
77,Country/region,0
77,Item added to your cart,0
77,Page not found,0
77,JOIN OUR MAILING LIST,0
77,BE THE FIRST TO KNOW,0
77,STORE INFORMATION,0
77,SHOP,0
77,INFORMATION,0
77,CONTACT,0
78,Fermob,0
78,1900 ARMCHAIR,1
78,Fermob,0
78,1900 CHAIR,1
78,Fermob,0
78,1900 ARMCHAIR,1
78,Fermob,0
78,1900 CHAIR,1
78,Fermob,0
78,1900 TABLE DIA 96 CM,1
78,Fermob,0
78,1900 TABLE DIA 117 CM,1
78,Fermob,0
78,1900 BENCH,1
78,You may also like,0
78,Customer Reviews,0
79,404,0
79,PAGE NOT FOUND,0
80,CHESTERFIELD DIAMANTE BED FRAME CRUSHED VELVET IN VARIOUS SIZES AND COLOURS,1
80,CHESTERFIELD¬†DIAMANTE BED FRAME,1
80,CRUSHED VELVET UPHOLSTERED.,0
80,(If you would like a Mattress just add the bed to cart and wait for a pop up to get it at a discounted bundle price. Please make sure ad blocker/pop up blocker software are deactivated),0
80,Dimensions,0
80,Quick links,0
80,Get in touch,0
80,Newsletter,0
81,Just added to your cart,0
81,Molloy ChairNau,1
81,Choose your options,0
81,By Adam Goodrum,0
81,Inspiration,0
81,Hee Welling x HAY Designer talks. In conversation with Hee Welling,0
81,Hee Welling x HAY Designer talks. In conversation with Hee Welling,0
81,Hee Welling x HAY Designer talks. In conversation with Hee Welling,0
81,Hee Welling x HAY Designer talks. In conversation with Hee Welling,0
81,Billo Single Module,1
81,Mega Tulip Square Single High,1
81,Billo Armchair,1
81,Mega Tulip Inside Curve 1/4 Lo...,1
81,Lincoln Angled Module,1
81,Billo Large Corner Module,1
81,Mega Tulip 1/4 Outside Curve H...,1
81,Lincoln Lounge Configuration 3,1
81,Rib Timber Table - Walnut,1
81,Billo Small Corner Module,1
82,404,0
82,Page Not Found,0
83,Hover to zoom,0
83,Hover to zoom,0
83,Privacy Policy,0
83,Description,0
83,Delivery,0
83,General Care,0
83,Apron Cotton Unisex,1
83,3 View Photo Frame,1
83,Alcove Wall Glass Cabinet,1
83,Arabic Ceramic Knob,1
83,Apron Jean Black,1
83,Assam Sideboard,1
83,Baby Old Teak Bench,1
83,'Le Corb' Single Drawer Study Desk,1
83,Arabic Ceramic Knob,1
83,Jeff Butterfly Recycled Metal,1
83,Large Recycled Metal Butterfly,1
83,Lotus Bird Bath,1
83,Leaf Kingfisher Bird Bath,1
83,Medium Recycled Metal Art Butterfly,1
83,Jeff Butterfly Recycled Metal,1
83,Large Recycled Metal Butterfly,1
83,Lotus Bird Bath,1
83,Leaf Kingfisher Bird Bath,1
83,Medium Recycled Metal Art Butterfly,1
83,Jeff Butterfly Recycled Metal,1
83,Large Recycled Metal Butterfly,1
83,Lotus Bird Bath,1
83,'Le Corb' Single Drawer Study Desk,1
83,12 Compartment Spice Storage Rack,1
83,18 Drawers Dresser,1
83,24 Drawer Industrial Workshop Metal Cabinet,1
83,3 Brick Mould Freestanding Shelves,1
83,3 View Photo Frame,1
83,3D A4 Frame Scissors,1
83,3D Poster Frame,1
83,4 View Photo Frame,1
83,6 Screws Cast Iron Handle Brass,1
83,9 Drawers Dresser,1
83,A4 6 Drawer Locker,1
83,A4 Mirror,1
83,Aegean Blue Ceramic Knob,1
83,African Orange Metal Mask,1
83,Alcove Wall Glass Cabinet,1
83,Amphora Jar,1
83,Anchor Ceramic Knob,1
83,Anchor Door Knocker,1
83,Angel Radio Box,1
83,Animal Deco,1
83,Antique Brass & Copper Ladle,1
83,Antique Key,1
83,Antique Key XL,1
83,Antique Wooden Carved Seeder Candle Holder,1
83,Apple Masala Box Black,1
83,Apron Cotton Unisex,1
83,Apron Dark Denim,1
83,Apron Jean Black,1
83,Aqua Coffee Table,1
83,Aqua Free Standing Corner Shelves,1
83,Arabic Ceramic Knob,1
83,Architrave Shelf,1
83,Army Tool Box,1
83,Army Tool Box XL,1
83,Artist High Stool,1
83,Arya Mirror Wall Cabinet,1
83,Ash and fibre glass free standing Aire clock,1
83,Assam Sideboard,1
83,Athena Wall Glass Cabinet,1
83,Audrey Diffuser Collection,1
83,Aztec Green Ceramic Knob,1
83,Baby Old Teak Bench,1
83,Baccara Console,1
83,Backpack Juneau Black,1
83,'Le Corb' Single Drawer Study Desk,1
83,12 Compartment Spice Storage Rack,1
83,18 Drawers Dresser,1
83,24 Drawer Industrial Workshop Metal Cabinet,1
83,3 Brick Mould Freestanding Shelves,1
83,3 View Photo Frame,1
83,3D A4 Frame Scissors,1
83,3D Poster Frame,1
83,4 View Photo Frame,1
83,6 Screws Cast Iron Handle Brass,1
83,9 Drawers Dresser,1
83,A4 6 Drawer Locker,1
83,A4 Mirror,1
83,Aegean Blue Ceramic Knob,1
83,African Orange Metal Mask,1
83,Alcove Wall Glass Cabinet,1
83,Amphora Jar,1
83,Anchor Ceramic Knob,1
83,Anchor Door Knocker,1
83,Angel Radio Box,1
83,Animal Deco,1
83,Antique Brass & Copper Ladle,1
83,Antique Key,1
83,Antique Key XL,1
83,Antique Wooden Carved Seeder Candle Holder,1
83,Apple Masala Box Black,1
83,Apron Cotton Unisex,1
83,Apron Dark Denim,1
83,Apron Jean Black,1
83,Aqua Coffee Table,1
83,Aqua Free Standing Corner Shelves,1
83,Arabic Ceramic Knob,1
83,Architrave Shelf,1
83,Army Tool Box,1
83,Army Tool Box XL,1
83,Artist High Stool,1
83,Arya Mirror Wall Cabinet,1
83,Ash and fibre glass free standing Aire clock,1
83,Assam Sideboard,1
83,Athena Wall Glass Cabinet,1
83,Audrey Diffuser Collection,1
83,Aztec Green Ceramic Knob,1
83,Baby Old Teak Bench,1
83,Baccara Console,1
83,Backpack Juneau Black,1
83,'Le Corb' Single Drawer Study Desk,1
83,12 Compartment Spice Storage Rack,1
83,18 Drawers Dresser,1
83,24 Drawer Industrial Workshop Metal Cabinet,1
83,3 Brick Mould Freestanding Shelves,1
83,3 View Photo Frame,1
83,3D A4 Frame Scissors,1
83,3D Poster Frame,1
83,4 View Photo Frame,1
83,6 Screws Cast Iron Handle Brass,1
83,9 Drawers Dresser,1
83,A4 6 Drawer Locker,1
83,A4 Mirror,1
83,Aegean Blue Ceramic Knob,1
83,African Orange Metal Mask,1
83,Alcove Wall Glass Cabinet,1
83,Amphora Jar,1
83,Anchor Ceramic Knob,1
83,Anchor Door Knocker,1
83,Angel Radio Box,1
83,Animal Deco,1
83,Antique Brass & Copper Ladle,1
83,Antique Key,1
83,Antique Key XL,1
83,Antique Wooden Carved Seeder Candle Holder,1
83,Apple Masala Box Black,1
83,Apron Cotton Unisex,1
83,Apron Dark Denim,1
83,Apron Jean Black,1
83,Aqua Coffee Table,1
83,Aqua Free Standing Corner Shelves,1
83,Arabic Ceramic Knob,1
83,Architrave Shelf,1
83,Army Tool Box,1
83,Army Tool Box XL,1
83,Artist High Stool,1
83,Arya Mirror Wall Cabinet,1
83,Ash and fibre glass free standing Aire clock,1
83,Assam Sideboard,1
83,Athena Wall Glass Cabinet,1
83,Audrey Diffuser Collection,1
83,Aztec Green Ceramic Knob,1
83,Baby Old Teak Bench,1
83,Baccara Console,1
83,Backpack Juneau Black,1
83,Need to know,1
83,Learn More,1
83,Sunk Trunk,1
83,Vanilla Glass Cabinet,1
83,Teak Bureau Console,1
83,Pan Mirror,1
83,Kitchen & Dining Room Tables,1
83,Chairs & Benches,1
83,Coffee & Side Table,1
83,Storage Trunks,0
83,Shelving & Bookcases,0
83,Media Units & TV Units,0
83,Statement Pieces,0
83,Vintage Wall Display Cabinets,0
83,Stand Alone Cabinets,0
83,Sideboards & Dressers,0
83,Side Consoles Tables & Desks,0
83,Bedside Lockers,0
83,Mirrors For Sale in Ireland,0
83,Rugs,0
83,Lighting & Lampshades,0
83,Photo Frames,0
83,Tableware,0
83,Dining Accessories,0
83,"Glassware - Glasses, Pitchers & Carafes",0
83,"Table Cloths, Napkins & Aprons",0
83,Notebooks & Stationary,0
83,"Lanterns, Candles and Candle Holders",0
83,"Quilts, Cushions & Throws",0
83,Animal Deco,1
83,Wall Display,1
83,Masks & Statues,0
83,Jewellery & Treasure Boxes,0
83,Unusual Garden Ornaments Ireland,0
83,"Ornamental Pots, Vases, Buckets & Bowls",0
83,Metal Tiles,0
83,"Trays, Baskets, & Veg Crates",0
83,"Wall Racks - Kitchen Delph Racks, Spice Racks, Wine & Glass Racks",0
83,"Lanterns, Candles and Candle Holders",0
83,Blackboards & Coat Hangers,0
83,"Crafts, Wood Care & Upcycling Accessories",0
83,Cast Iron & Antiqued Brass Handles,0
83,Ceramic Knobs,0
83,Gift Voucher,1
83,"Irish Craftsmakers, Artists & Designers",0
83,Home Bar,1
83,Handcrafted Home Office Shelving & Storage,0
83,Garden & Outdoor Living,0
83,Bags & Lunch Box,0
83,News & Interests,0
83,Buying Guide & Tips,0
83,Care & Maintenance,0
83,Trends & Inspirations,0
83,Round Vintage Zinc Tray,1
83,Great reasons to buy from us:,0
83,Handcrafted by Artisans,0
83,Fast Nationwide Delivery,0
83,Support Local,0
83,Excellent Boutique Service,0
83,Round Vintage Zinc Tray,1
83,Description,0
83,Round Vintage Zinc Tray,1
83,Delivery,0
83,General Care,0
83,Round Vintage Zinc Tray,1
83,Round Vintage Zinc Tray,1
83,Related Products,0
83,Recently viewed products,0
83,Exclusive to Home STREET Home,0
83,No Green Washing - 100% Reclaimed & Upcycled Materials only,0
83,100% Irish Owned & Operated -Shop Local Support Nationwide- Retail Excellence Ireland Top 30,0
83,Fast Nationwide Home Delivery,0
83,Stay In The Loop,0
83,Got A Question Call Us - We are here to help,0
83,Secure Checkout,0
84,dimshome.com,0
84,Get this domain,0
85,Herman Miller¬ÆTask Seating Sale,0
85,Herman Miller¬ÆTask Seating Sale,0
85,15% Off Cutipol Cutlery,0
85,15% Off Cutipol Cutlery,0
85,Gus* Modern: 20% Off,0
85,Gus* Modern: 20% Off,0
85,Designed In Denmark,0
85,Designed In Denmark,0
85,Outlet + Open Box,0
85,"Open Box - Simple Linen Pillows - 22""x22"" - Ivory",1
85,"Open Box - Simple Linen Pillows - 22""x22"" - Flax",1
85,Open Box - Nordic Light Foldable Candelabra - Red,1
85,Open Box - Nimbus Round Mirror - Bronzed Brass,1
85,Open Box - Koa Vase - Small / Dark Sage,1
85,Open Box - The Ledge Shelf - Slate,1
85,HORNE,0
85,Featured Brands,0
85,Gubi,0
85,Herman Miller¬Æ,0
85,RS Barcelona,0
85,Muuto,0
85,Louis Poulsen,0
85,Audo Copenhagen,0
85,HORNE,0
85,New,0
85,Leather Playing Card Set - The Palmilla,1
85,Travel Backgammon Board - Cyprus,1
85,Travel Backgammon Board - Belfast,1
85,Travel Backgammon Board - Monaco,1
85,Travel Backgammon Board - Byron,1
85,Travel Backgammon Board - Bordeaux,1
85,Beetle by Gubi,0
85,What Customers Think of HORNE,0
85,Great Customer Service,0
85,Beautiful accessories,0
85,Beautiful!,0
85,very happy with my purchase,0
85,Most beautiful wine glasses my wife ever saw,0
85,Mustard Cabinets,0
85,Shop Horne 1st‚Ä¶,0
85,Proactive customer service team!,0
85,Great Company,0
85,Loft Zig-Zag Floor Lamp D9406,0
85,Wonderful customer service!,0
85,Beautiful products and excellent customer,0
85,Great Customer Service,0
85,Beautiful accessories,0
85,Beautiful!,0
85,very happy with my purchase,0
85,Most beautiful wine glasses my wife ever saw,0
85,Mustard Cabinets,0
85,Top Brands,0
85,Modern Furniture,0
85,Modern Lighting,0
85,Modern Decor,0
85,Outdoor Furniture,0
85,Customer Service,0
85,About Us,0
85,Need Help?,0
85,"Receive offers, invites and updates",0
85,Trade Program,0
87,WE HAVE JOINED THE HAMPTONS STYLE INTERIORS GROUP,0
87,404 Page Not Found,0
87,Popular picks,0
89,Ball Chair,1
89,Tomato,1
89,Screw,1
89,Bubble,1
89,Pastil,1
89,Parabel,1
89,Mushroom,1
89,Wooden Parabel,1
89,Kisu,1
89,Rattan Mushroom,1
89,Pony,1
89,Other products,0
91,"Oak Wooden Shelf Wall-Mounted Floating Rustic, 40mm with UP Brackets",1
91,Rustic Folding Breakfast Table / Wall Mounted Kitchen Shelf / Coffee Bar Shelf BT03,1
91,"Set of 2 Rustic Shelves | Wall-Mounted Wooden Board With Lipped UP Brackets, 22cm Depth",1
91,"Scaffold Board Shelf Brackets, Rustic Wall Bracket Heavy Duty Industrial Support (225mm UP)",1
91,"Set of 2 Rustic Shelves | Wall-Mounted Wooden Board With Double Brackets, 22cm Depth",1
91,"Set of 2 Rustic Shelves | Wall-Mounted Wooden Board With PIPE Brackets, 22cm Depth",1
91,"Set of 2 Rustic Shelves | Wall-Mounted Wooden Board With Floating Brackets, 22cm Depth",1
91,"Oak Wooden Shelf Wall-Mounted Floating Rustic, 40mm with Down Brackets",1
91,Square Chunky Industrial Bar Table ‚Äì Handcrafted Solid Wood BS26,1
91,Rustic Breakfast Bar | High Seater Kitchen Table Chic Tall Poseur 84cm Width | BS25,1
91,"Set of 2 Rustic Shelves | Wall-Mounted Wooden Board With Lipped UP Brackets, 22cm Depth",1
91,"Scaffold Shelf Brackets, Wall Bracket Heavy Duty Support (155mm 200mm 255mm 300mm)",1
91,"Scaffold Board Brackets, Rustic Wall Bracket Heavy Duty T-Brackets (150mm, 200mm)",1
91,"Set of 2 Rustic Shelves | Wall-Mounted Wooden Board With Double Brackets, 22cm Depth",1
91,RusticLand,0
91,Rustic Shelves,1
91,Rustic Breakfast Table,1
91,Collections,0
91,Featured collection,0
91,Solid Timber Rustic Shelves,1
91,Solid Style,0
91,Where Rustic Charm Meets Modern Craftsmanship,0
91,Foldable Breakfast Table,1
91,Scaffold Board Shelf Brackets,1
91,Solid 300mm Wall Shelf with Heavy Duty Brackets,1
91,Rustic Shelves & Tables,0
91,Rusticland on Instagram,0
91,Your cart,0
91,Let customers speak for us,0
91,Rusticland,0
91,Useful Links,0
91,Newsletter,0
91,Choose options,0
91,Let customers speak for us,0
92,Medley,0
92,Sustainably-mindedfurniture for lasting comfort.,0
92,Better materials.Made better.,0
92,Natural Latex Foam + Wool Collection,0
92,Best sellers,0
92,Medley IRL,0
92,Join for updates,0
92,"""Perhaps the most sustainably-made sofa on the market""",0
94,Rileys GoesWest,0
94,Welcome to West Avenue Furniture.,0
94,Loved by Thousands,0
94,Huge Inventory,0
94,Since 1978,0
94,5-Star Customer Service,0
94,"We are all kinds of social, but for the latest news check out Facebook and Instagram.",0
94,Customer Service,0
94,Resources,0
94,Contact Us,0
94,West Avenue,0
95,Hammocks,0
95,Rope Hammocks,0
95,Fabric Hammocks,0
95,Quilted Hammocks,0
95,Camping Hammocks,0
95,South American Hammocks,0
95,Shop All Hammocks,0
95,Hammocks Under $100,0
95,Hammocks Made in USA,0
95,Hammocks With Stands,0
95,Single Swings,0
95,Double Swings,0
95,Shop All Swings,0
95,Stands,0
95,Hammock Stands,0
95,Swing Stands,0
95,Shop All Stands,0
95,Hammock Pillows,0
95,Replacement Parts,0
95,Shop All Hammock Accessories,0
95,Shop Clearance Hammocks,0
95,Patio Furniture,0
95,Adirondack Chairs,0
95,Adirondack Rockers,0
95,Benches/Settees,0
95,Sofas/Deep Seating,0
95,Loungers,0
95,Outdoor Gliders,0
95,Kids Outdoor Seating,0
95,Pets Outdoor Seating,0
95,Shop All Outdoor Seating,0
95,Dining Height,0
95,Counter Height,0
95,Bar Height,0
95,Single Swings,0
95,Double Swings,0
95,Swing Stands,0
95,Shop All Swings,0
95,Chaise Cushions,0
95,Bench Cushions,0
95,Adirondack Cushions,0
95,Deep Seating Cushions,0
95,Shop All Outdoor Cushions,0
95,Shop All Furniture Sets,0
95,Footrests,0
95,Patio Umbrellas,0
95,Umbrella Bases and More,0
95,Adirondack Accessories,0
95,Shop All Patio Furniture Accessories,0
95,Shop Clearance Furniture,0
95,Outdoor Pillows,0
95,Sunbrella Outdoor Pillows,0
95,Outdoor Square Pillows,0
95,Hammock Pillows,0
95,Outdoor Lumbar Pillows,0
95,Shop All Outdoor Pillows,0
95,Solid,0
95,Striped,0
95,Patterned,0
95,Outdoor Pillows by Color,0
95,Shop Outdoor Pillow Sets,0
95,Shop Clearance Pillows,0
95,Heating,0
95,Fire Pits,0
95,Fire Pit Accessories,0
95,Shop All Outdoor Heating,0
95,More Ways to Shop,0
95,New Arrivals,0
95,Seasonal Specials,0
95,Made in the USA,0
95,Shop All Brands,0
95,Gifts,0
95,Shop All Clearance,0
95,Patio Furniture,0
95,Patio Furniture,0
95,NEW!,0
95,Deluxe Polyester Rope Swing Chair - Antique Brown,1
95,by Key West Hammocks,0
95,Deluxe Polyester Rope Swing Chair - Green,1
95,by Key West Hammocks,0
95,NEW!,0
95,Deluxe Polyester Rope Swing Chair - Navy,1
95,by Key West Hammocks,0
95,NEW!,0
95,Deluxe Polyester Rope Swing Chair - Oatmeal,1
95,by Castaway Living,0
95,DURAWOOD¬Æ Poly Porch Swing,1
95,by Pawleys Island,0
95,Deluxe Sunbrella Cushion Swing - Midori Indigo,1
95,by Hatteras Hammocks,0
95,Clearance Blowout Sale!,0
95,Children's South American Fabric Swing - Green,1
95,by Key West Hammocks,0
95,Single Cushioned Swing - Fruit Punch,1
95,by Key West Hammocks,0
95,Single Cushioned Swing - Blue and Green Stripe,1
95,by Castaway Living,0
95,Single Cushioned Swing - Gray and Black Stripe,1
95,by Castaway Living,0
95,Single Cotton Rope Swing,1
95,by Pawleys Island,0
95,DURACORD¬Æ Single Rope Swing - Green,1
95,by Pawleys Island,0
95,DURACORD¬Æ Single Rope Swing - Antique Brown,1
95,by Pawleys Island,0
95,DURACORD¬ÆSingle Rope Swing Coastal Blue,1
95,by Pawleys Island,0
95,DURACORD¬Æ Single Rope Swing - Navy,1
95,by Pawleys Island,0
95,DURACORD¬Æ Single Rope Swing - Oatmeal,1
95,by Pawleys Island,0
95,DURACORD¬Æ Single Rope Swing - White,1
95,by Pawleys Island,0
95,DURACORD¬Æ Single Rope Swing - Meadow,1
95,by Pawleys Island,0
95,DURACORD¬Æ Single Rope Swing - Tan,1
95,by Pawleys Island,0
95,Single Cushioned Swing with Swing Spring,1
95,by Pawleys Island,0
95,Tufted Cushioned Swing with Swing Spring,1
95,by Pawleys Island,0
95,Single Rope Swing with Swing Spring,1
95,by Pawleys Island,0
95,Sunbrella Cushioned Single Swing - Trusted Coast,1
95,by Pawleys Island,0
95,Sunbrella Cushioned Single Swing - Expand Citronelle,1
95,by Pawleys Island,0
95,Sunbrella Cushioned Single Swing - Cove Pebble,1
95,by Pawleys Island,0
95,Tufted Bella Dura Cushioned Single Swing - Atoll Royalty,1
95,by Pawleys Island,0
95,Tufted Sunbrella Cushioned Single Swing - Trusted Coast,1
95,by Pawleys Island,0
95,Tufted Sunbrella Cushioned Single Swing - Cove Pebble,1
95,by Pawleys Island,0
95,Tufted Sunbrella Cushioned Single Swing - Principle Lagoon,1
95,by Pawleys Island,0
95,Tufted Sunbrella Single Swing - Luxe Indigo,1
95,by Hatteras Hammocks,0
95,Tufted Sunbrella Single Swing - Adaption Apricot,1
95,by Hatteras Hammocks,0
95,New Item!,0
95,Tufted Sunbrella Single Swing - Cast Ash,1
95,by Hatteras Hammocks,0
95,New Item!,0
95,Tufted Sunbrella Single Swing - Cast Slate,1
95,by Hatteras Hammocks,0
95,Tufted Sunbrella Single Swing - Canvas Cocoa,1
95,by Hatteras Hammocks,0
95,Tufted Sunbrella Single Swing - Resonate Atlantis,1
95,by Hatteras Hammocks,0
95,DURAWOOD¬Æ Poly Coastal Double Swing,1
95,by Pawleys Island,0
95,DURAWOOD¬Æ Poly Coastal Double Swing - Cedar,1
95,by Pawleys Island,0
95,DURAWOOD¬Æ Poly Coastal Double Swing - White,1
95,by Pawleys Island,0
95,DURAWOOD¬Æ Poly Coastal Double Swing - Weatherwood,1
95,by Pawleys Island,0
95,Deluxe Sunbrella Cushion Swing - Gateway Mist,1
95,by Hatteras Hammocks,0
95,Deluxe Premium Sunbrella Cushion Swing - Midori Stone,1
95,by Hatteras Hammocks,0
95,Deluxe Sunbrella Cushion Swing - Gateway Indigo,1
95,by Hatteras Hammocks,0
95,Deluxe Sunbrella Cushion Swing - Cast Ash,1
95,by Hatteras Hammocks,0
95,Deluxe Sunbrella Cushion Swing - Cast Slate,1
95,by Hatteras Hammocks,0
95,Sunbrella¬Æ Deluxe Cushion Swing - Spectrum Cilantro,1
95,by Hatteras Hammocks,0
95,Deluxe Sunbrella Cushion Swing - Regency Sand,1
95,by Hatteras Hammocks,0
95,Deluxe Sunbrella Cushion Swing - Cabana Classic,1
95,by Hatteras Hammocks,0
95,Deluxe Sunbrella Cushion Swing - Expand Calypso,1
95,by Hatteras Hammocks,0
95,Hammocks Overview,0
95,Shop All Hammocks,0
95,Hammocks Under $100,0
95,Hammocks Made in USA,0
95,Hammocks With Stands,0
95,Rope Hammocks,0
95,Fabric Hammocks,0
95,Quilted Hammocks,0
95,Camping Hammocks,0
95,South American Hammocks,0
95,Shop All Swings,0
95,Single Swings,0
95,Double Swings,0
95,Swing Stands,0
95,Outdoor Cushions,0
95,Single Hammocks,0
95,Double Hammocks,0
95,Extra Wide Hammocks,0
95,Stands Overview,0
95,Shop All Stands,0
95,Hammock Stands,0
95,Metal Stands,0
95,Wooden Stands,0
95,Swing Stands,0
95,Cotton Hammocks,0
95,Polyester Hammocks,0
95,DuraCord Hammocks,0
95,Sunbrella Hammocks,0
95,Solution Dyed Fabric Hammocks,0
95,Shop All Hammock Accessories,0
95,Hammock Storage Bags,0
95,Hammock Pads,0
95,Hanging Hardware,0
95,Hammock Straps,0
95,Hammock Pillows,0
95,Replacement Parts,0
95,Shop Clearance Hammocks,0
95,Outdoor Curtains Overview,0
95,Shop All Outdoor Curtains >,0
95,Sunbrella Outdoor Curtains,0
95,Tempotest Outdoor Curtains,0
95,Polyester Outdoor Curtains,0
95,Weathersmart Outdoor Curtains,0
95,Grommet Top Outdoor Curtains,0
95,Tab Top Outdoor Curtains,0
95,Solid Outdoor Curtains,0
95,Striped Outdoor Curtains,0
95,Sheer Outdoor Curtains,0
95,"50"" Wide Outdoor Curtains",0
95,"120"" Extra Wide Outdoor Curtains",0
95,Outdoor Curtains by Color,0
95,Outdoor Curtain Hardware,0
95,Shop Clearance Curtains,0
95,Patio Furniture Overview,0
95,Shop All Outdoor Seating,0
95,Adirondack Chairs,0
95,Wooden Adirondack Chairs,0
95,Poly Lumber Adirondack Chairs,0
95,Double Adirondack Chairs,0
95,Adirondack Rockers,0
95,Adirondack Chairs Under $100,0
95,Benches/Settees,0
95,Sofas/Deep Seating,0
95,Loungers,0
95,Outdoor Gliders,0
95,Kids Outdoor Seating,0
95,Pets Outdoor Seating,0
95,Dining Height,0
95,Counter Height,0
95,Bar Height,0
95,Shop All Outdoor Tables,0
95,Outdoor Dining Tables,0
95,Outdoor Side & End Tables,0
95,Outdoor Coffee Tables,0
95,Outdoor Conversation Tables,0
95,Outdoor Kids Tables,0
95,Shop All Swings,0
95,Single Swings,0
95,Double Swings,0
95,Swing Stands,0
95,Outdoor Cushions,0
95,Dining Chair Cushions,0
95,Chaise Cushions,0
95,Bench Cushions,0
95,Chair Cushions,0
95,Loveseat Cushions,0
95,Adirondack Cushions,0
95,Deep Seating Cushions,0
95,Shop All Outdoor Cushions,0
95,Shop All Patio Furniture Sets,0
95,Shop All Patio Furniture Accessories,0
95,Footrests,0
95,Outdoor Cushions,0
95,Patio Umbrellas,0
95,Umbrella Bases and More,0
95,Adirondack Accessories,0
95,Shop Clearance Furniture,0
95,Outdoor Pillows Overview,0
95,Shop All Outdoor Pillows >,0
95,Outdoor Square Pillows,0
95,Sunbrella Pillows,0
95,Hammock Pillows,0
95,Outdoor Lumbar Pillows,0
95,Solid Outdoor Pillows,0
95,Striped Outdoor Pillows,0
95,Patterned Outdoor Pillows,0
95,Floral Outdoor Pillows,0
95,Seasonal Outdoor Pillows,0
95,Beach Outdoor Pillows,0
95,Novelty Outdoor Pillows,0
95,Polyester Outdoor Pillows,0
95,USA-Made Outdoor Pillows,0
95,Pillows Under $20,0
95,Outdoor Pillows by Color,0
95,Shop Outdoor Pillow Sets,0
95,Shop Clearance Pillows,0
95,Heating & Lighting Overview,0
95,Shop All Outdoor Lighting,0
95,Outdoor Table Lamps,0
95,Outdoor Floor Lamps,0
95,Patio Torches,0
95,Outdoor Specialty Lamps,0
95,Decorative Outdoor Lighting,0
95,Wall & Ceiling Lighting,0
95,Shop All Outdoor Heating,0
95,Fire Pits,0
95,Fire Pit Accessories,0
95,Patio Torches,0
95,Outdoor Wall Art,0
95,More Ways to Shop Overview,0
95,New Arrivals,0
95,Seasonal Specials,0
95,Made in the USA,0
95,Shop All Brands,0
95,Gifts,0
95,Shop All Clearance,0
95,Products,0
95,Add a Coupon,0
95,$20 Off Orders $199+,0
95,Plus Free Shipping!,0
95,$40 Off Orders $399+,0
95,Plus Free Shipping!,0
95,Hammock Type,0
95,General,0
95,Outdoor Swings,0
95,Stands,0
95,Hammock Accessories,0
95,Outdoor Seating,0
95,Outdoor Dining,0
95,Outdoor Swings,0
95,Cushions,0
95,Furniture Sets,0
95,Accessories,0
95,Outdoor Pillows by Type,0
95,Outdoor Pillows by Style,0
95,Outdoor Pillows by Color,0
95,Outdoor Pillow Sets,0
95,Outdoor Heating,0
95,Specials,0
95,Shop Brands,0
95,Gifts by DFO,0
95,HomeProductsPatio FurnitureSwings,0
95,Patio Furniture,0
95,Type,0
95,Price Range,0
95,Finish,0
95,Material,0
95,Accommodates,0
95,Brand,0
95,Made in USA,0
95,Good Better Best,0
95,Folding,0
95,Commercial Use,0
95,Style,0
95,Features,0
95,Porch Swings,0
95,Connect With Us!,0
95,(252) 295-0404M - F 8:00am - 4:30pm,0
95,Support,0
95,Our Company,0
95,Expert Advice,0
97,ShareShare on Facebook,0
97,TweetTweet on Twitter,0
97,Pin itPin on Pinterest,0
97,LS-16 MYR   16 inches in diameter,1
